miranda_id,section,equation_label,transcript_file,latex,status,phase,notes
M001,sec1,eq1,doc.txt,x=y,UNSEEN,P1,note
M002,sec2,eq2,doc.txt,x=y,UNSEEN,P1,note
M003,sec3,eq3,doc.txt,x=y,UNSEEN,P1,note
M004,sec4,eq4,doc.txt,x=y,UNSEEN,P1,note
M005,sec0,eq5,doc.txt,x=y,UNSEEN,P1,note
M006,sec1,eq6,doc.txt,x=y,UNSEEN,P1,note
M007,sec2,eq7,doc.txt,x=y,UNSEEN,P1,note
M008,sec3,eq8,doc.txt,x=y,UNSEEN,P1,note
M009,sec4,eq9,doc.txt,x=y,UNSEEN,P1,note
M010,sec0,eq10,doc.txt,x=y,UNSEEN,P1,note
M011,sec1,eq11,doc.txt,x=y,UNSEEN,P1,note
M012,sec2,eq12,doc.txt,x=y,UNSEEN,P1,note
M013,sec3,eq13,doc.txt,x=y,UNSEEN,P1,note
M014,sec4,eq14,doc.txt,x=y,UNSEEN,P1,note
M015,sec0,eq15,doc.txt,x=y,UNSEEN,P1,note
M016,sec1,eq16,doc.txt,x=y,UNSEEN,P2,note
M017,sec2,eq17,doc.txt,x=y,UNSEEN,P2,note
M018,sec3,eq18,doc.txt,x=y,UNSEEN,P2,note
M019,sec4,eq19,doc.txt,x=y,UNSEEN,P2,note
M020,sec0,eq20,doc.txt,x=y,UNSEEN,P2,note
M021,sec1,eq21,doc.txt,x=y,UNSEEN,P2,note
M022,sec2,eq22,doc.txt,x=y,UNSEEN,P2,note
M023,sec3,eq23,doc.txt,x=y,UNSEEN,P2,note
M024,sec4,eq24,doc.txt,x=y,UNSEEN,P2,note
M025,sec0,eq25,doc.txt,x=y,UNSEEN,P2,note
M026,sec1,eq26,doc.txt,x=y,UNSEEN,P2,note
M027,sec2,eq27,doc.txt,x=y,UNSEEN,P2,note
M028,sec3,eq28,doc.txt,x=y,UNSEEN,P2,note
M029,sec4,eq29,doc.txt,x=y,UNSEEN,P2,note
M030,sec0,eq30,doc.txt,x=y,UNSEEN,P2,note
M031,sec1,eq31,doc.txt,x=y,UNSEEN,P2,note
M032,sec2,eq32,doc.txt,x=y,UNSEEN,P2,note
M033,sec3,eq33,doc.txt,x=y,UNSEEN,P2,note
M034,sec4,eq34,doc.txt,x=y,UNSEEN,P2,note
M035,sec0,eq35,doc.txt,x=y,UNSEEN,P2,note
M036,sec1,eq36,doc.txt,x=y,UNSEEN,P2,note
M037,sec2,eq37,doc.txt,x=y,UNSEEN,P2,note
M038,sec3,eq38,doc.txt,x=y,UNSEEN,P2,note
M039,sec4,eq39,doc.txt,x=y,UNSEEN,P2,note
M040,sec0,eq40,doc.txt,x=y,UNSEEN,P2,note
M041,sec1,eq41,doc.txt,x=y,UNSEEN,P2,note
M042,sec2,eq42,doc.txt,x=y,UNSEEN,P2,note
M043,sec3,eq43,doc.txt,x=y,UNSEEN,P2,note
M044,sec4,eq44,doc.txt,x=y,UNSEEN,P2,note
M045,sec0,eq45,doc.txt,x=y,UNSEEN,P2,note
M046,sec1,eq46,doc.txt,x=y,UNSEEN,P2,note
M047,sec2,eq47,doc.txt,x=y,UNSEEN,P2,note
M048,sec3,eq48,doc.txt,x=y,UNSEEN,P2,note
M049,sec4,eq49,doc.txt,x=y,UNSEEN,P2,note
M050,sec0,eq50,doc.txt,x=y,UNSEEN,P2,note
